http://www.icra.org/ratingsv02.html,404,525,https://www.icra.org/ratingsv02.html
http://www.icra.org/ratingsv02.html,404,525,https://www.icra.org/ratingsv02.html
http://www.icra.org/ratingsv02.html,404,525,https://www.icra.org/ratingsv02.html
http://www.icra.org/ratingsv02.html,404,525,https://www.icra.org/ratingsv02.html
http://www.icra.org/ratingsv02.html,404,525,https://www.icra.org/ratingsv02.html
http://www.icra.org/ratingsv02.html,404,525,https://www.icra.org/ratingsv02.html
http://www.icra.org/ratingsv02.html,404,525,https://www.icra.org/ratingsv02.html
http://www.icra.org/ratingsv02.html,404,525,https://www.icra.org/ratingsv02.html
http://www.icra.org/ratingsv02.html,404,525,https://www.icra.org/ratingsv02.html
http://www.icra.org/ratingsv02.html,404,525,https://www.icra.org/ratingsv02.html
